{
  "overall_metrics": {
    "accuracy": 0.14285714285714285,
    "precision": 0.05021645021645022,
    "recall": 0.14285714285714285,
    "f1_score": 0.0626040626040626
  },
  "per_class_metrics": {
    "salary_inquiry": {
      "precision": 0.0,
      "recall": 0.0,
      "f1-score": 0.0,
      "support": 6.0
    },
    "meeting_room_booking": {
      "precision": 0.0,
      "recall": 0.0,
      "f1-score": 0.0,
      "support": 6.0
    },
    "leave_request": {
      "precision": 0.0,
      "recall": 0.0,
      "f1-score": 0.0,
      "support": 6.0
    },
    "directory_search": {
      "precision": 0.0,
      "recall": 0.0,
      "f1-score": 0.0,
      "support": 6.0
    },
    "company_info": {
      "precision": 0.0,
      "recall": 0.0,
      "f1-score": 0.0,
      "support": 6.0
    },
    "employee_info": {
      "precision": 0.2,
      "recall": 0.16666666666666666,
      "f1-score": 0.18181818181818182,
      "support": 6.0
    },
    "employee_search": {
      "precision": 0.15151515151515152,
      "recall": 0.8333333333333334,
      "f1-score": 0.2564102564102564,
      "support": 6.0
    }
  }
}